{
  "id": "fbc4007e-3bdf-428a-ad00-3f9e1cf1b7be",
  "name": "inversion",
  "isOverridable": true,
  "entries": [
    {
      "value": "root position",
      "synonyms": [
        "root position",
        "root",
        "no inversion",
        "root inversion"
      ]
    },
    {
      "value": "first inversion",
      "synonyms": [
        "first inversion",
        "first",
        "first position"
      ]
    },
    {
      "value": "second inversion",
      "synonyms": [
        "second inversion",
        "second",
        "second position"
      ]
    }
  ],
  "isEnum": false,
  "automatedExpansion": false
}