{
  "id": "80b56003-5cca-48ce-b8e8-455db26c02e2",
  "name": "quality",
  "isOverridable": true,
  "entries": [
    {
      "value": "major",
      "synonyms": [
        "major",
        "major triad",
        "major chord"
      ]
    },
    {
      "value": "minor",
      "synonyms": [
        "minor",
        "minor triad",
        "minor chord"
      ]
    },
    {
      "value": "diminished",
      "synonyms": [
        "diminished",
        "diminished triad",
        "diminished chord"
      ]
    },
    {
      "value": "augmented",
      "synonyms": [
        "augmented",
        "augmented triad",
        "augmented chord"
      ]
    }
  ],
  "isEnum": false,
  "automatedExpansion": false
}