{
  "id": "127b9179-c4e2-4582-844d-76844bff78bf",
  "name": "interval",
  "isOverridable": true,
  "entries": [
    {
      "value": "unison",
      "synonyms": [
        "unison",
        "same note"
      ]
    },
    {
      "value": "minor second",
      "synonyms": [
        "minor second"
      ]
    },
    {
      "value": "major second",
      "synonyms": [
        "major second"
      ]
    },
    {
      "value": "minor third",
      "synonyms": [
        "minor third"
      ]
    },
    {
      "value": "major third",
      "synonyms": [
        "major third"
      ]
    },
    {
      "value": "perfect fourth",
      "synonyms": [
        "perfect fourth",
        "fourth"
      ]
    },
    {
      "value": "perfect fifth",
      "synonyms": [
        "perfect fifth",
        "fifth"
      ]
    },
    {
      "value": "minor sixth",
      "synonyms": [
        "minor sixth",
        "minor six"
      ]
    },
    {
      "value": "major sixth",
      "synonyms": [
        "major sixth",
        "major six"
      ]
    },
    {
      "value": "minor seventh",
      "synonyms": [
        "minor seventh",
        "minor seven"
      ]
    },
    {
      "value": "major seventh",
      "synonyms": [
        "major seventh",
        "major seven"
      ]
    },
    {
      "value": "octave",
      "synonyms": [
        "octave"
      ]
    },
    {
      "value": "tritone",
      "synonyms": [
        "tritone",
        "augmented fourth",
        "diminished fifth"
      ]
    }
  ],
  "isEnum": false,
  "automatedExpansion": false
}